{
    "openapi": "3.0.1",
    "info": {
      "title": "SkyMcConnect",
      "version": "v1"
    },
    "paths": {
      "/Connect/user/{userId}": {
        "post": {
          "tags": [
            "Connect"
          ],
          "parameters": [
            {
              "name": "userId",
              "in": "path",
              "required": true,
              "schema": {
                "type": "string"
              }
            },
            {
              "name": "mcUuid",
              "in": "query",
              "schema": {
                "type": "string"
              }
            }
          ],
          "responses": {
            "200": {
              "description": "Success",
              "content": {
                "text/plain": {
                  "schema": {
                    "$ref": "#/components/schemas/ConnectionRequest"
                  }
                },
                "application/json": {
                  "schema": {
                    "$ref": "#/components/schemas/ConnectionRequest"
                  }
                },
                "text/json": {
                  "schema": {
                    "$ref": "#/components/schemas/ConnectionRequest"
                  }
                }
              }
            }
          }
        },
        "get": {
          "tags": [
            "Connect"
          ],
          "parameters": [
            {
              "name": "userId",
              "in": "path",
              "required": true,
              "schema": {
                "type": "string"
              }
            }
          ],
          "responses": {
            "200": {
              "description": "Success",
              "content": {
                "text/plain": {
                  "schema": {
                    "$ref": "#/components/schemas/User"
                  }
                },
                "application/json": {
                  "schema": {
                    "$ref": "#/components/schemas/User"
                  }
                },
                "text/json": {
                  "schema": {
                    "$ref": "#/components/schemas/User"
                  }
                }
              }
            }
          }
        }
      },
      "/Connect/minecraft/{mcUuid}": {
        "get": {
          "tags": [
            "Connect"
          ],
          "parameters": [
            {
              "name": "mcUuid",
              "in": "path",
              "required": true,
              "schema": {
                "type": "string"
              }
            }
          ],
          "responses": {
            "200": {
              "description": "Success",
              "content": {
                "text/plain": {
                  "schema": {
                    "$ref": "#/components/schemas/User"
                  }
                },
                "application/json": {
                  "schema": {
                    "$ref": "#/components/schemas/User"
                  }
                },
                "text/json": {
                  "schema": {
                    "$ref": "#/components/schemas/User"
                  }
                }
              }
            }
          }
        }
      }
    },
    "components": {
      "schemas": {
        "ConnectionRequest": {
          "type": "object",
          "properties": {
            "code": {
              "type": "integer",
              "format": "int32"
            },
            "isConnected": {
              "type": "boolean"
            }
          },
          "additionalProperties": false
        },
        "MinecraftUuid": {
          "type": "object",
          "properties": {
            "id": {
              "type": "integer",
              "format": "int32"
            },
            "accountUuid": {
              "type": "string",
              "nullable": true
            },
            "verified": {
              "type": "boolean"
            },
            "user": {
              "$ref": "#/components/schemas/User"
            },
            "updatedAt": {
              "type": "string",
              "format": "date-time"
            },
            "createdAt": {
              "type": "string",
              "format": "date-time"
            }
          },
          "additionalProperties": false
        },
        "User": {
          "type": "object",
          "properties": {
            "id": {
              "type": "integer",
              "format": "int32"
            },
            "externalId": {
              "type": "string",
              "description": "The identifier of the account system",
              "nullable": true
            },
            "accounts": {
              "type": "array",
              "items": {
                "$ref": "#/components/schemas/MinecraftUuid"
              },
              "description": "Accounts connected to this user",
              "nullable": true
            }
          },
          "additionalProperties": false
        }
      }
    }
  }